epoch,time,train/box_loss,train/cls_loss,train/dfl_loss,metrics/precision(B),metrics/recall(B),metrics/mAP50(B),metrics/mAP50-95(B),val/box_loss,val/cls_loss,val/dfl_loss,lr/pg0,lr/pg1,lr/pg2
1,10.1229,2.16965,11.4897,1.79628,0.00028,0.07692,0.00015,8e-05,1.8601,6.06714,1.73855,8e-05,8e-05,8e-05
2,12.9367,2.17174,12.156,1.75388,0.00028,0.07692,0.00015,8e-05,1.60084,5.88457,1.52298,0.000179644,0.000179644,0.000179644
3,15.879,1.78912,9.17396,1.49381,0.00056,0.15385,0.00032,8e-05,1.91068,6.11128,1.7545,0.000278891,0.000278891,0.000278891
4,18.7964,1.87944,9.1723,1.5786,0.00056,0.15385,0.00032,0.00011,1.88185,6.12908,1.6979,0.000377743,0.000377743,0.000377743
5,21.857,1.8876,8.69332,1.51293,0.00028,0.07692,0.00021,4e-05,1.86315,6.11022,1.65665,0.000476198,0.000476198,0.000476198
6,24.6806,1.68524,7.698,1.39975,0,0,0,0,1.65566,5.82593,1.45223,0.000574258,0.000574258,0.000574258
7,27.539,1.73835,7.01896,1.39294,0,0,0,0,1.85625,5.5506,1.65568,0.000671922,0.000671922,0.000671922
8,30.4685,1.78996,7.14763,1.40741,0,0,0,0,1.8516,5.98964,1.62772,0.000769189,0.000769189,0.000769189
9,33.4013,1.54502,6.11093,1.36885,0.00167,0.46154,0.17187,0.08579,2.21185,5.69618,1.75794,0.000866061,0.000866061,0.000866061
10,36.3036,1.62887,6.11725,1.3353,0.00139,0.38462,0.07736,0.05402,1.97189,5.37449,1.50753,0.000962536,0.000962536,0.000962536
11,39.2699,1.71874,5.32281,1.3893,0.00222,0.61538,0.22072,0.13087,1.85156,5.76227,1.42913,0.00105862,0.00105862,0.00105862
12,42.4141,1.7127,6.43097,1.33281,0.50614,0.15857,0.24326,0.09753,1.92757,5.21319,1.43906,0.0011543,0.0011543,0.0011543
13,45.3429,1.72665,5.38715,1.36027,0.18764,0.15385,0.12193,0.05603,1.73477,4.69044,1.37045,0.00124959,0.00124959,0.00124959
14,48.3684,1.4312,4.82883,1.27445,0.21859,0.23077,0.12989,0.04693,1.84506,4.04961,1.48721,0.00134448,0.00134448,0.00134448
15,51.1908,1.54673,5.43398,1.35145,0.22131,0.24109,0.15857,0.08715,1.89045,3.94933,1.57495,0.00143897,0.00143897,0.00143897
16,54.0673,1.48751,4.9802,1.36259,0.27708,0.07692,0.14597,0.0845,1.70905,3.93332,1.46542,0.00153307,0.00153307,0.00153307
17,56.8973,1.61393,4.25388,1.39406,0.31802,0.1118,0.16836,0.05779,1.85518,3.90793,1.49181,0.00162678,0.00162678,0.00162678
18,59.6928,1.50288,4.20539,1.27241,0.53618,0.53846,0.39531,0.20513,1.91431,3.34471,1.53419,0.00172009,0.00172009,0.00172009
19,62.6235,1.54619,4.00649,1.33197,0.72937,0.46154,0.50875,0.2212,1.85136,3.1294,1.62119,0.001813,0.001813,0.001813
20,65.6117,1.48889,4.3232,1.18821,0.24835,0.58515,0.32967,0.13333,1.78369,3.69426,1.55838,0.00190551,0.00190551,0.00190551
21,68.574,1.38479,3.85892,1.2403,0.89339,0.07692,0.12633,0.07509,1.70627,3.55355,1.50644,0.0019208,0.0019208,0.0019208
22,71.5665,1.5504,3.81533,1.33424,0.1242,0.46154,0.1769,0.08962,1.92376,3.66933,1.66867,0.00191684,0.00191684,0.00191684
23,74.5996,1.54056,3.96484,1.28494,0.37989,0.61538,0.35597,0.1338,2.13719,4.69689,1.73148,0.00191288,0.00191288,0.00191288
24,77.7434,1.45377,3.70215,1.23075,0.56225,0.46154,0.44985,0.18286,2.13176,3.49955,1.81225,0.00190892,0.00190892,0.00190892
25,80.7695,1.40637,3.25498,1.24268,0.46342,0.38462,0.32888,0.20347,2.25343,4.33836,2.0303,0.00190496,0.00190496,0.00190496
26,83.64,1.47556,3.4203,1.2528,0.32386,0.46154,0.3394,0.12187,2.29504,3.26802,1.80651,0.001901,0.001901,0.001901
27,86.447,1.46813,3.22522,1.20278,0.75903,0.30769,0.36226,0.17828,2.05173,3.31523,1.69246,0.00189704,0.00189704,0.00189704
28,89.4141,1.36274,2.79237,1.20344,0.51738,0.46154,0.4635,0.17347,1.88487,4.2127,1.58777,0.00189308,0.00189308,0.00189308
29,92.4227,1.30729,3.0134,1.16249,0.511,0.40324,0.46949,0.16779,1.89999,3.78216,1.67666,0.00188912,0.00188912,0.00188912
30,95.3536,1.43752,2.85927,1.19443,0.53813,0.46154,0.37823,0.16996,1.88231,3.46148,1.70427,0.00188516,0.00188516,0.00188516
31,98.286,1.5055,2.59048,1.31273,0.68163,0.38462,0.35807,0.15101,1.82546,3.2405,1.66473,0.0018812,0.0018812,0.0018812
32,101.229,1.24785,2.32234,1.13633,0.48879,0.38462,0.34175,0.18935,2.14759,3.09277,1.86503,0.00187724,0.00187724,0.00187724
33,104.187,1.26285,2.35634,1.12621,0.39514,0.46154,0.34825,0.16341,2.21856,3.16532,1.87108,0.00187328,0.00187328,0.00187328
34,107.193,1.23396,2.52771,1.16981,0.64075,0.38462,0.43535,0.23619,2.1662,3.01413,1.86978,0.00186932,0.00186932,0.00186932
35,110.323,1.30462,2.31278,1.15087,0.79592,0.38462,0.42102,0.21177,2.02837,2.74533,1.98455,0.00186536,0.00186536,0.00186536
36,113.369,1.38833,2.3351,1.27425,0.60523,0.38462,0.53089,0.20709,1.94854,3.13081,1.86992,0.0018614,0.0018614,0.0018614
37,116.359,1.30462,2.20465,1.16643,0.529,0.60539,0.48308,0.18622,1.93683,2.51328,1.7155,0.00185744,0.00185744,0.00185744
38,119.349,1.28447,2.05665,1.13918,0.52943,0.60639,0.56394,0.23512,1.81929,2.7062,1.71563,0.00185348,0.00185348,0.00185348
39,122.419,1.31443,2.02356,1.20385,0.51065,0.53846,0.56588,0.24425,1.89014,4.66387,1.73705,0.00184952,0.00184952,0.00184952
40,125.486,1.2784,1.88214,1.15151,0.55588,0.53846,0.52026,0.20593,2.10774,3.41796,1.79415,0.00184556,0.00184556,0.00184556
41,128.518,1.31049,1.84426,1.17559,0.60414,0.38462,0.45774,0.25127,2.05731,2.59244,1.91033,0.0018416,0.0018416,0.0018416
42,131.597,1.30899,1.70048,1.14684,0.64284,0.46154,0.53931,0.25432,2.04111,2.28543,1.97026,0.00183764,0.00183764,0.00183764
43,134.658,1.25352,1.68637,1.13106,0.39087,0.61538,0.43327,0.20613,2.02153,2.1799,1.904,0.00183368,0.00183368,0.00183368
44,137.796,1.26192,1.71966,1.12515,0.86664,0.61538,0.67996,0.20201,1.83749,3.2948,1.66484,0.00182972,0.00182972,0.00182972
45,140.998,1.20523,1.78389,1.13989,0.43121,0.30769,0.32042,0.15825,1.67675,2.58412,1.48672,0.00182576,0.00182576,0.00182576
46,144.168,1.17091,1.75281,1.11269,0.29373,0.30769,0.28332,0.11328,1.9316,3.06845,1.66105,0.0018218,0.0018218,0.0018218
47,147.209,1.19861,1.7419,1.15224,0.3611,0.46154,0.3483,0.15167,1.91909,2.79869,1.6818,0.00181784,0.00181784,0.00181784
48,150.202,1.14271,1.438,1.09419,0.59114,0.30769,0.32412,0.13802,1.95424,2.94391,1.70001,0.00181388,0.00181388,0.00181388
49,153.256,1.10744,1.53538,1.08393,0.37387,0.38462,0.29741,0.15073,2.00394,2.84958,1.7267,0.00180992,0.00180992,0.00180992
50,156.194,1.08044,1.42278,1.06394,0.59393,0.46154,0.39759,0.19751,2.06187,2.80424,1.82013,0.00180596,0.00180596,0.00180596
51,159.192,1.13428,1.26746,1.11442,0.74692,0.4549,0.43755,0.19138,2.06105,2.47373,1.98184,0.001802,0.001802,0.001802
52,162.12,1.14953,1.33272,1.14707,0.63064,0.53846,0.5699,0.22186,1.97744,2.38152,2.00002,0.00179804,0.00179804,0.00179804
53,165.178,1.20839,1.34251,1.1167,0.48604,0.38462,0.3991,0.14378,2.04089,2.48191,2.0675,0.00179408,0.00179408,0.00179408
54,168.162,1.09971,1.31549,1.08307,0.73296,0.46154,0.47752,0.15386,2.09063,2.56904,2.05853,0.00179012,0.00179012,0.00179012
55,171.1,1.14343,1.39886,1.0988,0.67604,0.53846,0.47276,0.1337,2.06186,2.75966,1.99714,0.00178616,0.00178616,0.00178616
56,174.303,1.21375,1.27301,1.13442,0.82944,0.37562,0.4373,0.13046,2.05275,2.8215,2.00474,0.0017822,0.0017822,0.0017822
57,177.259,1.1717,1.25179,1.11671,0.86768,0.30769,0.38168,0.09516,1.95291,3.01916,1.96111,0.00177824,0.00177824,0.00177824
58,180.172,1.14761,1.27257,1.12195,0.56046,0.23077,0.20484,0.05189,1.79529,3.37404,1.83306,0.00177428,0.00177428,0.00177428
59,183.069,1.07319,1.18119,1.07919,0.70408,0.46154,0.4922,0.16542,2.00981,2.82281,1.89396,0.00177032,0.00177032,0.00177032
60,186.018,1.02525,1.10139,1.03961,0.57437,0.46154,0.43269,0.19131,2.32824,2.18906,2.15618,0.00176636,0.00176636,0.00176636
61,189.01,1.09817,1.14549,1.08666,0.36583,0.38462,0.31864,0.11509,2.38114,2.26683,2.23982,0.0017624,0.0017624,0.0017624
62,191.982,1.01519,1.11592,1.07287,0.62332,0.3822,0.40622,0.11959,2.49522,2.22117,2.29238,0.00175844,0.00175844,0.00175844
63,195.005,1.06706,1.15919,1.06033,0.43106,0.40929,0.3357,0.12387,2.36357,2.21656,2.1133,0.00175448,0.00175448,0.00175448
64,197.966,1.07615,1.04818,1.07289,0.33856,0.53846,0.24596,0.11488,2.29741,2.14575,2.04809,0.00175052,0.00175052,0.00175052
65,200.909,1.0518,1.05132,1.04711,0.37879,0.53846,0.33691,0.18033,2.30819,2.04697,2.08856,0.00174656,0.00174656,0.00174656
66,203.826,1.05101,0.94733,1.03733,0.60243,0.46154,0.47842,0.24043,2.48776,1.84756,2.16321,0.0017426,0.0017426,0.0017426
67,206.928,1.0802,1.0056,1.04892,0.83,0.61538,0.62265,0.23306,2.24582,1.99406,2.04502,0.00173864,0.00173864,0.00173864
68,210.142,1.08893,1.0485,1.0492,0.65411,0.61538,0.5602,0.204,2.01198,2.08216,2.06548,0.00173468,0.00173468,0.00173468
69,212.974,1.06471,1.00088,1.05457,0.62283,0.50984,0.43809,0.14575,2.16196,2.4181,1.99777,0.00173072,0.00173072,0.00173072
70,215.974,1.04254,0.97801,1.00901,0.52579,0.53846,0.38712,0.12858,2.09688,2.49562,1.83387,0.00172676,0.00172676,0.00172676
71,218.958,1.01712,0.98235,0.96549,0.72263,0.46154,0.5559,0.19828,1.98115,2.244,1.78354,0.0017228,0.0017228,0.0017228
72,221.943,1.09403,1.05825,1.05749,0.44263,0.38462,0.3573,0.17759,1.90584,2.05074,1.74212,0.00171884,0.00171884,0.00171884
73,224.936,0.99787,1.01157,1.00176,0.49948,0.53846,0.46655,0.20193,1.90302,2.01589,1.7753,0.00171488,0.00171488,0.00171488
74,227.94,0.94631,0.91969,0.99721,0.33458,0.46154,0.43193,0.20309,1.9081,2.0578,1.71618,0.00171092,0.00171092,0.00171092
75,230.87,0.99816,0.91465,1.00167,0.51834,0.46154,0.49886,0.24587,1.90764,1.82146,1.73863,0.00170696,0.00170696,0.00170696
76,233.865,1.03138,0.94976,0.9918,0.67514,0.46154,0.54522,0.21392,2.26172,1.73895,2.13277,0.001703,0.001703,0.001703
77,236.782,1.05472,0.94624,1.03419,0.74644,0.46154,0.53652,0.17439,2.28011,2.06797,2.17732,0.00169904,0.00169904,0.00169904
78,239.968,0.96316,0.8869,0.99263,0.36685,0.53846,0.44967,0.13624,2.30982,2.27803,2.219,0.00169508,0.00169508,0.00169508
79,242.96,1.01185,0.85916,1.01412,0.40027,0.53846,0.37738,0.12008,2.47846,2.40827,2.27361,0.00169112,0.00169112,0.00169112
80,245.926,0.96556,0.83023,0.97821,0.62177,0.38462,0.38434,0.13648,2.28255,2.43557,2.21157,0.00168716,0.00168716,0.00168716
81,248.978,0.95908,0.83023,1.00861,0.59888,0.38462,0.43385,0.15172,2.21469,2.33066,2.09558,0.0016832,0.0016832,0.0016832
82,252.065,0.94855,0.87547,0.9748,0.64395,0.46154,0.44992,0.14842,2.17984,2.20688,2.06424,0.00167924,0.00167924,0.00167924
83,254.976,0.89469,0.78908,0.99635,0.63317,0.46154,0.43911,0.13785,2.12859,2.20881,2.03376,0.00167528,0.00167528,0.00167528
84,257.929,0.93959,0.83223,1.00103,0.48384,0.46154,0.43544,0.15019,2.14501,2.319,1.96727,0.00167132,0.00167132,0.00167132
85,260.888,0.9622,0.8399,1.01732,0.64406,0.46154,0.44052,0.18739,2.17406,1.89793,2.0213,0.00166736,0.00166736,0.00166736
86,263.86,0.91608,0.76461,0.98211,0.67868,0.38462,0.4355,0.16617,2.21401,2.02604,2.02511,0.0016634,0.0016634,0.0016634
87,266.866,0.86727,0.76055,0.96908,0.7115,0.38012,0.39941,0.1494,2.04769,2.61174,1.81075,0.00165944,0.00165944,0.00165944
88,269.984,0.88609,0.77052,0.98249,0.70805,0.46154,0.48291,0.175,2.00287,2.48159,1.78928,0.00165548,0.00165548,0.00165548
89,273.128,0.86862,0.78984,0.96206,0.67833,0.38462,0.42375,0.19485,2.04381,2.14932,1.89866,0.00165152,0.00165152,0.00165152
90,276.1,0.93295,0.80856,0.96832,0.62999,0.30769,0.40948,0.18202,2.14302,2.19442,1.90546,0.00164756,0.00164756,0.00164756
91,279.171,0.88449,0.75308,0.95746,0.72949,0.23077,0.38068,0.16227,2.13363,2.3923,1.84182,0.0016436,0.0016436,0.0016436
92,282.144,0.90873,0.76567,0.95943,0.54843,0.38462,0.36178,0.12855,2.20367,2.70966,1.89106,0.00163964,0.00163964,0.00163964
93,285.163,0.83748,0.75769,0.94238,0.48877,0.44253,0.33653,0.11866,2.1851,2.93857,1.84819,0.00163568,0.00163568,0.00163568
94,288.082,0.84495,0.70508,0.91058,0.56054,0.46154,0.40149,0.13864,2.13853,2.71443,1.80674,0.00163172,0.00163172,0.00163172
95,291.009,0.8276,0.6809,0.94665,0.55432,0.46154,0.40317,0.13645,2.15698,2.74287,1.81963,0.00162776,0.00162776,0.00162776
96,293.972,0.85354,0.71477,0.93634,0.43296,0.46154,0.36936,0.13088,2.14816,2.50946,1.82283,0.0016238,0.0016238,0.0016238
97,296.921,0.8747,0.6938,0.95357,0.37424,0.38462,0.32926,0.12486,2.16006,2.6798,1.81713,0.00161984,0.00161984,0.00161984
98,299.862,0.92571,0.72556,0.99762,0.48032,0.42823,0.46316,0.18233,2.15011,2.82098,1.84989,0.00161588,0.00161588,0.00161588
99,302.935,1.01043,0.71889,0.9969,0.62503,0.30769,0.43955,0.21611,1.98226,2.99007,1.75901,0.00161192,0.00161192,0.00161192
100,306.299,0.84807,0.71524,0.97268,0.70322,0.38462,0.42782,0.15228,2.08477,2.85695,1.85747,0.00160796,0.00160796,0.00160796
101,309.243,0.91411,0.70398,0.98387,0.44368,0.46154,0.45337,0.14694,2.41451,2.50491,2.13706,0.001604,0.001604,0.001604
102,312.196,0.81763,0.70175,0.95157,0.47168,0.55002,0.47117,0.14304,2.49974,2.65832,2.23508,0.00160004,0.00160004,0.00160004
103,315.183,0.92104,0.68283,1.02076,0.3904,0.38462,0.39055,0.12296,2.51508,2.84004,2.35598,0.00159608,0.00159608,0.00159608
104,318.224,0.87781,0.66586,0.96404,0.6056,0.46154,0.3567,0.16799,2.28752,1.72025,2.15028,0.00159212,0.00159212,0.00159212
105,321.195,0.90502,0.72827,0.95156,0.62868,0.53846,0.42366,0.16781,2.21578,1.82224,2.08089,0.00158816,0.00158816,0.00158816
106,324.122,0.88894,0.67671,0.9437,0.56863,0.46154,0.34824,0.11965,2.21102,2.44019,2.02629,0.0015842,0.0015842,0.0015842
107,327.034,0.84185,0.67655,0.97644,0.43939,0.46154,0.36846,0.12931,2.0418,2.92778,1.96228,0.00158024,0.00158024,0.00158024
108,329.985,0.87035,0.70984,1.00942,0.37682,0.53846,0.38537,0.139,2.04344,2.70395,2.02691,0.00157628,0.00157628,0.00157628
109,333.012,0.87692,0.75125,0.97267,0.53328,0.38462,0.37081,0.13007,2.14714,2.73613,2.13209,0.00157232,0.00157232,0.00157232
110,336.001,0.89778,0.70765,1.00617,0.57618,0.46154,0.41372,0.15135,2.08754,2.78926,2.10778,0.00156836,0.00156836,0.00156836
111,339.217,0.83492,0.72117,0.99221,0.81527,0.46154,0.47154,0.17942,2.00602,2.88703,2.0241,0.0015644,0.0015644,0.0015644
112,342.301,0.85901,0.76627,0.95165,0.42444,0.61538,0.48714,0.18893,1.89032,1.95914,1.87113,0.00156044,0.00156044,0.00156044
113,345.262,0.81293,0.66467,0.92987,0.57363,0.38462,0.45745,0.18387,1.91541,2.02217,1.84943,0.00155648,0.00155648,0.00155648
114,348.171,0.82354,0.63819,0.93848,0.44961,0.53846,0.4296,0.18322,1.97371,2.31954,1.81247,0.00155252,0.00155252,0.00155252
115,351.128,0.78385,0.6318,0.94855,0.52157,0.53846,0.46832,0.19327,1.9574,2.63656,1.76711,0.00154856,0.00154856,0.00154856
116,354.128,0.85031,0.61797,0.95712,0.56462,0.46154,0.39375,0.15749,2.16926,2.08143,1.94235,0.0015446,0.0015446,0.0015446
117,356.993,0.86552,0.65966,0.92574,0.492,0.46154,0.37831,0.1804,2.10026,2.03606,1.87079,0.00154064,0.00154064,0.00154064
118,360.07,0.82634,0.63364,0.93475,0.44071,0.48606,0.3625,0.14341,2.1832,2.13066,1.9071,0.00153668,0.00153668,0.00153668
119,363.026,0.77549,0.60678,0.92814,0.53031,0.46154,0.38149,0.17142,2.03223,2.26209,1.75303,0.00153272,0.00153272,0.00153272
120,365.975,0.7776,0.63371,0.93157,0.48212,0.53846,0.48899,0.21361,1.8937,2.08992,1.68984,0.00152876,0.00152876,0.00152876
121,369.014,0.80162,0.60532,0.94108,0.4733,0.62248,0.53644,0.19946,2.20106,1.99317,1.94169,0.0015248,0.0015248,0.0015248
122,372.22,0.749,0.57769,0.91201,0.51809,0.5802,0.51304,0.21479,2.13639,2.10519,1.92751,0.00152084,0.00152084,0.00152084
123,375.213,0.75734,0.59318,0.92521,0.56406,0.46154,0.46157,0.20664,2.15811,1.94706,1.95441,0.00151688,0.00151688,0.00151688
124,378.198,0.85144,0.61711,0.92663,0.52338,0.53846,0.51962,0.20511,2.18121,1.94382,2.14596,0.00151292,0.00151292,0.00151292
125,381.201,0.77589,0.63379,0.92106,0.58383,0.38462,0.41569,0.17641,2.01833,2.32187,2.13864,0.00150896,0.00150896,0.00150896
126,384.198,0.77765,0.65371,0.93862,0.46023,0.46154,0.40992,0.1845,2.0521,2.05447,2.11041,0.001505,0.001505,0.001505
127,387.15,0.79758,0.61238,0.95189,0.57043,0.53846,0.4732,0.19474,2.25111,1.9322,2.13635,0.00150104,0.00150104,0.00150104
128,390.139,0.80369,0.66386,0.91617,0.60952,0.6013,0.57078,0.21541,2.05039,2.01007,2.00879,0.00149708,0.00149708,0.00149708
129,393.178,0.84621,0.63795,0.93707,0.71561,0.61538,0.67436,0.29223,1.94118,1.92039,1.93222,0.00149312,0.00149312,0.00149312
130,396.238,0.84325,0.62049,0.95316,0.77603,0.53846,0.6662,0.34456,1.90773,1.75005,1.85078,0.00148916,0.00148916,0.00148916
131,399.244,0.78155,0.63012,0.94029,0.51706,0.69231,0.6536,0.27593,1.96431,1.85009,1.90029,0.0014852,0.0014852,0.0014852
132,402.378,0.83742,0.61169,0.90613,0.76703,0.46154,0.6267,0.2355,1.97253,2.19937,1.85329,0.00148124,0.00148124,0.00148124
133,405.361,0.84235,0.62374,0.93689,0.44222,0.67163,0.57916,0.1981,1.93245,2.22228,1.81959,0.00147728,0.00147728,0.00147728
134,408.272,0.76607,0.61863,0.92323,0.44639,0.69231,0.5221,0.21064,1.95036,1.90112,1.90616,0.00147332,0.00147332,0.00147332
135,411.243,0.77816,0.65788,0.91444,0.61575,0.53846,0.52619,0.21619,1.99886,1.81414,1.94518,0.00146936,0.00146936,0.00146936
136,414.322,0.75985,0.59091,0.94028,0.61669,0.53846,0.50672,0.22412,1.95364,2.12634,1.99816,0.0014654,0.0014654,0.0014654
137,417.29,0.72872,0.58034,0.89445,0.81442,0.67638,0.64224,0.23059,1.9526,1.96393,1.99853,0.00146144,0.00146144,0.00146144
138,420.22,0.82927,0.63479,0.94493,0.6964,0.53846,0.55347,0.24298,1.92553,1.91884,2.02485,0.00145748,0.00145748,0.00145748
139,423.135,0.74967,0.57097,0.91926,0.65792,0.53846,0.54894,0.23428,1.91711,1.84549,2.02498,0.00145352,0.00145352,0.00145352
140,426.106,0.72558,0.53765,0.91342,0.56494,0.61538,0.53023,0.21836,2.0133,1.9444,1.87218,0.00144956,0.00144956,0.00144956
141,429.174,0.73879,0.57837,0.90604,0.59388,0.46154,0.55333,0.20796,2.10384,2.01732,1.88106,0.0014456,0.0014456,0.0014456
142,432.245,0.8711,0.6118,0.98204,0.75964,0.38462,0.49986,0.18136,1.94856,2.4475,1.85556,0.00144164,0.00144164,0.00144164
143,435.264,0.71374,0.55145,0.88536,0.75429,0.38462,0.49511,0.20049,2.10302,2.35728,1.97591,0.00143768,0.00143768,0.00143768
144,438.251,0.72251,0.53385,0.91538,0.53394,0.53846,0.5377,0.2675,2.14949,2.09814,2.06251,0.00143372,0.00143372,0.00143372
145,441.201,0.73805,0.53282,0.89225,0.68432,0.38462,0.53459,0.2856,1.99472,2.03613,1.94207,0.00142976,0.00142976,0.00142976
146,444.177,0.70105,0.55153,0.93398,0.45483,0.53846,0.53873,0.25437,1.96774,2.06709,1.90158,0.0014258,0.0014258,0.0014258
147,447.106,0.70691,0.55134,0.88468,0.58517,0.61538,0.5726,0.24232,2.0464,2.15608,1.85581,0.00142184,0.00142184,0.00142184
148,450.024,0.82972,0.56765,0.9337,0.88982,0.46154,0.6002,0.28746,1.93296,2.10469,1.74108,0.00141788,0.00141788,0.00141788
149,453.078,0.71383,0.54404,0.89259,0.83637,0.46154,0.57558,0.27142,1.97788,2.24365,1.71223,0.00141392,0.00141392,0.00141392
150,456.046,0.78909,0.54832,0.92768,0.68753,0.38462,0.37712,0.2228,1.97466,2.37487,1.67052,0.00140996,0.00140996,0.00140996
151,459.046,0.77748,0.54427,0.90212,0.85549,0.46154,0.57016,0.21383,1.96273,2.44158,1.73859,0.001406,0.001406,0.001406
152,461.982,0.79339,0.54764,0.93798,0.8304,0.46154,0.60009,0.20991,1.88133,2.40956,1.69757,0.00140204,0.00140204,0.00140204
153,464.951,0.69037,0.53082,0.90813,0.73647,0.46154,0.61197,0.2529,2.00161,2.21879,1.79762,0.00139808,0.00139808,0.00139808
154,467.949,0.70409,0.51654,0.88689,0.743,0.46154,0.57372,0.23136,2.11775,1.9852,1.88829,0.00139412,0.00139412,0.00139412
155,470.981,0.70854,0.51492,0.88546,0.94779,0.46154,0.58334,0.25465,2.16009,2.00028,1.90519,0.00139016,0.00139016,0.00139016
156,474.064,0.64955,0.62702,0.88986,0.79626,0.38462,0.52132,0.19901,1.9083,2.57638,1.87487,0.0013862,0.0013862,0.0013862
157,477.023,0.66425,0.5166,0.86862,0.7932,0.38462,0.44747,0.17332,1.81871,2.75714,1.77041,0.00138224,0.00138224,0.00138224
158,480,0.67544,0.52855,0.91476,0.69603,0.5293,0.54028,0.1934,1.72744,2.46046,1.69672,0.00137828,0.00137828,0.00137828
159,483.041,0.68467,0.54098,0.87412,0.53318,0.53846,0.45296,0.20797,1.84546,2.10903,1.78373,0.00137432,0.00137432,0.00137432
160,486.06,0.69073,0.5273,0.89569,0.6984,0.53477,0.52487,0.16013,1.93359,2.44245,1.84696,0.00137036,0.00137036,0.00137036
161,488.999,0.67968,0.53995,0.90663,0.58657,0.46154,0.47267,0.15816,2.05831,2.56926,1.99682,0.0013664,0.0013664,0.0013664
162,491.938,0.78705,0.57075,0.91764,0.56583,0.53846,0.4878,0.16462,1.98833,2.67054,1.99548,0.00136244,0.00136244,0.00136244
163,494.966,0.66514,0.47432,0.86898,0.81252,0.38462,0.45487,0.16964,1.79586,3.08555,1.77185,0.00135848,0.00135848,0.00135848
164,497.944,0.73996,0.56514,0.88023,0.8123,0.38462,0.44299,0.1803,1.8325,3.31845,1.60637,0.00135452,0.00135452,0.00135452
165,501.133,0.67796,0.51013,0.84489,0.65586,0.38462,0.45953,0.19641,1.95737,3.15981,1.66644,0.00135056,0.00135056,0.00135056
166,504.116,0.60857,0.48478,0.83925,0.59815,0.38462,0.45655,0.18656,1.9646,2.9172,1.73214,0.0013466,0.0013466,0.0013466
167,506.992,0.61444,0.47649,0.86427,0.52976,0.46154,0.46739,0.1813,2.00287,2.68683,1.76822,0.00134264,0.00134264,0.00134264
168,510.007,0.64326,0.50281,0.88474,0.75493,0.53846,0.60059,0.2044,2.0298,2.72843,1.84296,0.00133868,0.00133868,0.00133868
169,512.985,0.62833,0.46687,0.87305,0.67303,0.53846,0.56871,0.20849,1.99412,2.64266,1.90289,0.00133472,0.00133472,0.00133472
170,516.065,0.66035,0.50732,0.88218,0.66332,0.53846,0.53302,0.19816,2.0251,2.44901,1.93822,0.00133076,0.00133076,0.00133076
171,519.044,0.69659,0.5048,0.88986,0.63195,0.52912,0.50302,0.19018,1.9862,2.64677,1.86872,0.0013268,0.0013268,0.0013268
172,522.165,0.58238,0.44564,0.83463,0.49174,0.46154,0.33592,0.15581,2.08461,2.63013,1.91104,0.00132284,0.00132284,0.00132284
173,525.088,0.64633,0.50335,0.85381,0.48934,0.46154,0.36649,0.14857,2.09899,2.64364,1.91125,0.00131888,0.00131888,0.00131888
174,528.127,0.72301,0.53818,0.84037,0.53046,0.46154,0.37192,0.16624,2.08898,2.62649,1.84235,0.00131492,0.00131492,0.00131492
175,531.063,0.67392,0.50324,0.85477,0.60177,0.46154,0.3886,0.18344,2.015,2.56634,1.77954,0.00131096,0.00131096,0.00131096
176,534.396,0.69333,0.48656,0.8802,0.57585,0.46154,0.45842,0.17148,1.99568,2.3116,1.84188,0.001307,0.001307,0.001307
177,537.385,0.64213,0.50532,0.8686,0.59462,0.38462,0.48841,0.2117,1.94032,2.18628,1.8955,0.00130304,0.00130304,0.00130304
178,540.362,0.64877,0.48827,0.9012,0.4325,0.53846,0.47525,0.23903,1.94627,2.2984,1.85711,0.00129908,0.00129908,0.00129908
179,543.323,0.76911,0.54709,0.91044,0.59502,0.46154,0.45763,0.2205,1.9193,2.33284,1.82608,0.00129512,0.00129512,0.00129512
180,546.279,0.68361,0.5333,0.89563,0.67652,0.61538,0.56212,0.26168,1.76039,2.14737,1.73047,0.00129116,0.00129116,0.00129116
181,549.209,0.7331,0.4918,0.86969,0.65813,0.61538,0.57198,0.20819,1.8464,2.17247,1.77961,0.0012872,0.0012872,0.0012872
182,552.18,0.68784,0.47924,0.91935,0.66248,0.60476,0.573,0.20404,1.89053,2.30204,1.76547,0.00128324,0.00128324,0.00128324
183,555.107,0.74425,0.51252,0.8752,0.47401,0.48648,0.50637,0.18545,1.9189,2.5444,1.77585,0.00127928,0.00127928,0.00127928
184,558.078,0.6483,0.45271,0.86876,0.62311,0.3819,0.51858,0.15978,2.25356,2.57619,1.96145,0.00127532,0.00127532,0.00127532
185,560.999,0.7754,0.514,0.8848,0.63276,0.53083,0.5476,0.17986,2.26384,2.38745,1.96677,0.00127136,0.00127136,0.00127136
186,564.075,0.62753,0.46351,0.8665,0.61634,0.53846,0.59527,0.21185,2.02813,2.05519,1.82895,0.0012674,0.0012674,0.0012674
187,567.148,0.6156,0.47026,0.83479,0.52669,0.53846,0.58277,0.23803,1.99554,1.95213,1.87163,0.00126344,0.00126344,0.00126344
188,570.113,0.62325,0.45241,0.83732,0.79594,0.46154,0.59487,0.26213,1.96346,2.01597,1.91381,0.00125948,0.00125948,0.00125948
189,573.085,0.62664,0.4783,0.84527,0.82752,0.46154,0.53882,0.21081,2.22441,2.19791,1.981,0.00125552,0.00125552,0.00125552
190,575.985,0.69214,0.45547,0.91046,0.83249,0.46154,0.52104,0.19445,2.4759,2.34739,2.14709,0.00125156,0.00125156,0.00125156
191,579.029,0.63038,0.46231,0.87049,0.74875,0.46154,0.51332,0.17624,2.54765,2.2226,2.25915,0.0012476,0.0012476,0.0012476
192,582.029,0.59284,0.43706,0.8535,0.85523,0.45535,0.54551,0.18587,2.41992,2.05957,2.34107,0.00124364,0.00124364,0.00124364
193,584.931,0.60244,0.43941,0.85046,0.75689,0.46154,0.53902,0.19335,2.38991,1.98516,2.38486,0.00123968,0.00123968,0.00123968
194,587.92,0.58659,0.42747,0.87982,0.81094,0.46154,0.53981,0.18979,2.38395,2.07637,2.36954,0.00123572,0.00123572,0.00123572
195,590.874,0.72649,0.46783,0.88336,0.80234,0.46154,0.52993,0.1962,2.25064,2.18058,2.21126,0.00123176,0.00123176,0.00123176
196,593.851,0.61955,0.4448,0.8636,0.82861,0.53846,0.63305,0.20702,2.09326,2.12586,2.04537,0.0012278,0.0012278,0.0012278
197,596.893,0.65051,0.45635,0.89726,0.72438,0.60722,0.64402,0.19656,1.91088,2.18921,1.89994,0.00122384,0.00122384,0.00122384
198,599.834,0.59779,0.44106,0.89084,0.72166,0.61538,0.65072,0.22382,1.91315,2.15957,1.90547,0.00121988,0.00121988,0.00121988
199,602.837,0.67447,0.48107,0.87626,0.72461,0.60787,0.66373,0.25921,1.89822,2.29523,1.91207,0.00121592,0.00121592,0.00121592
200,605.959,0.62367,0.45006,0.87726,0.76605,0.53846,0.62684,0.24719,1.80952,2.60374,1.86474,0.00121196,0.00121196,0.00121196
201,608.849,0.62585,0.48009,0.88422,0.70939,0.46154,0.46883,0.20212,1.88841,2.69634,1.8807,0.001208,0.001208,0.001208
202,611.795,0.60456,0.47386,0.87232,0.65888,0.46154,0.4682,0.19754,2.05541,2.47873,2.04837,0.00120404,0.00120404,0.00120404
203,614.724,0.655,0.45213,0.87356,0.74398,0.46154,0.53258,0.16839,2.02114,2.61502,2.02676,0.00120008,0.00120008,0.00120008
204,617.736,0.57366,0.46412,0.88089,0.69251,0.46154,0.54929,0.19483,2.04581,2.60907,2.12599,0.00119612,0.00119612,0.00119612
205,620.697,0.60882,0.44625,0.86132,0.45312,0.46154,0.48997,0.19935,2.12888,2.4893,2.17731,0.00119216,0.00119216,0.00119216
206,623.621,0.569,0.41624,0.83442,0.47579,0.46154,0.4959,0.22297,2.13823,2.46701,2.18005,0.0011882,0.0011882,0.0011882
207,626.584,0.63782,0.47001,0.85969,0.58285,0.46154,0.50361,0.22325,2.00392,2.4579,2.11278,0.00118424,0.00118424,0.00118424
208,629.675,0.60272,0.44435,0.86899,0.59769,0.38462,0.47375,0.21213,1.94911,2.25816,2.07317,0.00118028,0.00118028,0.00118028
209,632.85,0.58653,0.43672,0.81772,0.42585,0.53846,0.45684,0.19969,1.90429,2.19027,2.01123,0.00117632,0.00117632,0.00117632
210,635.956,0.57503,0.46059,0.84797,0.60169,0.38462,0.45688,0.18561,2.07208,2.03245,2.05271,0.00117236,0.00117236,0.00117236
211,638.963,0.65586,0.46082,0.8923,0.59501,0.38462,0.44792,0.19331,2.0545,2.02495,1.9752,0.0011684,0.0011684,0.0011684
212,641.921,0.62099,0.45792,0.86441,0.54514,0.46154,0.46775,0.19999,1.82997,2.29,1.77284,0.00116444,0.00116444,0.00116444
213,644.873,0.6076,0.43666,0.88017,0.65508,0.38462,0.44273,0.18461,1.81654,2.47606,1.69845,0.00116048,0.00116048,0.00116048
214,647.777,0.61856,0.41737,0.85362,0.59958,0.46081,0.46303,0.19685,1.81104,2.43349,1.63805,0.00115652,0.00115652,0.00115652
215,650.674,0.58191,0.41309,0.84914,0.73729,0.46154,0.51941,0.19819,1.85449,2.29416,1.6092,0.00115256,0.00115256,0.00115256
216,653.72,0.59614,0.43915,0.83055,0.53492,0.46154,0.47204,0.19973,1.9775,2.40825,1.68686,0.0011486,0.0011486,0.0011486
217,656.648,0.63732,0.42683,0.85297,0.62786,0.53846,0.51228,0.19458,1.93412,2.53476,1.77075,0.00114464,0.00114464,0.00114464
218,659.564,0.57677,0.43368,0.87485,0.75032,0.53846,0.59221,0.22455,1.82082,2.59046,1.78446,0.00114068,0.00114068,0.00114068
219,662.603,0.59428,0.43559,0.83614,0.72293,0.60314,0.59175,0.24105,1.66354,2.54883,1.7204,0.00113672,0.00113672,0.00113672
220,665.786,0.53852,0.4121,0.83808,0.54415,0.61538,0.5567,0.23666,1.59767,2.98606,1.66607,0.00113276,0.00113276,0.00113276
221,668.754,0.54514,0.41766,0.83244,0.77554,0.38462,0.50889,0.22317,1.61726,3.18808,1.67843,0.0011288,0.0011288,0.0011288
222,671.752,0.58968,0.41138,0.87862,0.74757,0.38462,0.50175,0.19028,1.70905,3.11826,1.75746,0.00112484,0.00112484,0.00112484
223,674.709,0.57596,0.42984,0.86736,0.70906,0.38462,0.47461,0.19497,1.75137,3.24168,1.75267,0.00112088,0.00112088,0.00112088
224,677.725,0.5922,0.41196,0.8534,0.90798,0.38462,0.48344,0.22885,1.9287,2.95152,1.7086,0.00111692,0.00111692,0.00111692
225,680.716,0.57105,0.41561,0.83632,0.93799,0.38462,0.52449,0.22909,1.94469,2.88184,1.72943,0.00111296,0.00111296,0.00111296
226,683.731,0.5134,0.4275,0.83784,0.99788,0.38462,0.52377,0.23428,1.89638,2.94128,1.73469,0.001109,0.001109,0.001109
227,686.72,0.61333,0.44419,0.87776,0.47881,0.61538,0.53503,0.23849,1.81629,3.11702,1.69533,0.00110504,0.00110504,0.00110504
228,689.823,0.54899,0.43189,0.86952,0.66086,0.46154,0.52433,0.24866,1.75778,3.21646,1.68334,0.00110108,0.00110108,0.00110108
229,692.697,0.53838,0.41028,0.83927,0.64965,0.46154,0.4971,0.22807,1.75655,3.14728,1.71272,0.00109712,0.00109712,0.00109712
230,695.84,0.57216,0.41843,0.85601,0.85499,0.45457,0.52494,0.25306,1.75085,2.97614,1.75356,0.00109316,0.00109316,0.00109316
